song_name,artist,genre,year,duration,mood
Espresso,Sabrina Carpenter,Disco Pop,2024,2:55,Flirty Dancefloor
Please Please Please,Sabrina Carpenter,Pop,2024,3:06,Singalong
Taste,Sabrina Carpenter,Pop Rock,2024,2:37,Sassy Hype
Good Luck Babe!,Chappell Roan,Synth-pop,2024,3:38,Euphoric Singalong
Hot to Go!,Chappell Roan,Dance Pop,2023,3:04,Crowd Chant
Pink Pony Club,Chappell Roan,Pop,2020,4:19,Liberating Anthem
Femininomenon,Chappell Roan,Dance Pop,2023,3:00,Rowdy
Not Like Us,Kendrick Lamar,Hip Hop,2024,4:34,Ruthless Hype
Squabble Up,Kendrick Lamar,Hip Hop,2024,2:37,Hype
Like That,Future and Metro Boomin,Hip Hop,2024,4:27,Aggressive Hype
Texas Hold 'Em,Beyonce,Country Pop,2024,3:53,Line Dance
Cuff It,Beyonce,Disco,2022,3:45,Euphoric Dancefloor
Break My Soul,Beyonce,House,2022,4:38,Liberating Dancefloor
Kill Bill,SZA,R&B,2022,2:33,Sultry Singalong
Paint The Town Red,Doja Cat,Hip Hop,2023,3:51,Defiant Bounce
Kiss Me More,Doja Cat and SZA,Pop,2021,3:28,Sultry Groove
Woman,Doja Cat,R&B,2021,2:52,Sultry Strut
Say So,Doja Cat,Disco Pop,2019,3:57,Retro Dancefloor
Boss Bitch,Doja Cat,Hip Hop,2020,2:14,Hype
Levitating,Dua Lipa,Disco Pop,2020,3:23,Euphoric Dancefloor
Don't Start Now,Dua Lipa,Disco Pop,2019,3:03,Dancefloor Kiss-Off
Physical,Dua Lipa,Dance Pop,2020,3:13,High Energy
Break My Heart,Dua Lipa,Disco Pop,2020,3:41,Dancefloor
Dance the Night,Dua Lipa,Disco Pop,2023,2:56,Glamorous Dancefloor
Houdini,Dua Lipa,Dance Pop,2023,3:05,Peak Time
Training Season,Dua Lipa,Dance Pop,2024,3:29,Dancefloor
One Kiss,Calvin Harris and Dua Lipa,House,2018,3:34,Euphoric
Cold Heart,Elton John and Dua Lipa,Dance Pop,2021,3:22,Feel-Good Singalong
As It Was,Harry Styles,Synth-pop,2022,2:47,Bittersweet Singalong
Watermelon Sugar,Harry Styles,Pop Rock,2019,2:54,Feel-Good
Late Night Talking,Harry Styles,Pop,2022,2:57,Playful Groove
Adore You,Harry Styles,Pop Rock,2019,3:27,Feel-Good
Anti-Hero,Taylor Swift,Pop,2022,3:20,Singalong
Cruel Summer,Taylor Swift,Synth-pop,2019,2:58,Screaming Singalong
Karma,Taylor Swift,Pop,2022,3:24,Feel-Good
Shake It Off,Taylor Swift,Pop,2014,3:39,Crowd Pleaser
Bejeweled,Taylor Swift,Pop,2022,3:14,Glitter Dancefloor
Good 4 U,Olivia Rodrigo,Pop Punk,2021,2:58,Angsty Singalong
Bad Idea Right?,Olivia Rodrigo,Pop Rock,2023,3:04,Reckless
Get Him Back!,Olivia Rodrigo,Pop Rock,2023,3:31,Rowdy Singalong
Brutal,Olivia Rodrigo,Pop Punk,2021,2:23,Mosh
Bad Guy,Billie Eilish,Alternative Pop,2019,3:14,Menacing Bounce
Lunch,Billie Eilish,Alternative Pop,2024,2:59,Flirty Groove
Therefore I Am,Billie Eilish,Alternative Pop,2020,2:54,Sardonic Bounce
Flowers,Miley Cyrus,Pop,2023,3:20,Empowerment Singalong
Party in the U.S.A.,Miley Cyrus,Pop,2009,3:22,Crowd Pleaser
Blinding Lights,The Weeknd,Synth-pop,2019,3:20,Peak Time
Save Your Tears,The Weeknd,Synth-pop,2020,3:35,Dancefloor
Starboy,The Weeknd,R&B,2016,3:50,Swagger
Can't Feel My Face,The Weeknd,Funk Pop,2015,3:33,Dancefloor
I Feel It Coming,The Weeknd,Funk Pop,2016,4:29,Smooth Groove
Take My Breath,The Weeknd,Synth-pop,2021,3:40,Hypnotic Dancefloor
Timeless,The Weeknd and Playboi Carti,Hip Hop,2024,4:16,Menacing Hype
Die With A Smile,Lady Gaga and Bruno Mars,Pop,2024,4:11,Slow Dance
Abracadabra,Lady Gaga,Dance Pop,2025,3:44,Peak Time
Bad Romance,Lady Gaga,Dance Pop,2009,4:54,Anthem
Just Dance,Lady Gaga,Dance Pop,2008,4:02,Dancefloor
Poker Face,Lady Gaga,Dance Pop,2008,3:57,Crowd Pleaser
Rain On Me,Lady Gaga and Ariana Grande,Dance Pop,2020,3:02,Euphoric
APT.,ROSE and Bruno Mars,Pop Rock,2024,2:49,Drinking Game Chant
Leave the Door Open,Silk Sonic,R&B,2021,4:02,Smooth Late Night
Smokin Out the Window,Silk Sonic,Soul,2021,3:14,Groovy
24K Magic,Bruno Mars,Funk Pop,2016,3:46,Hype
Uptown Funk,Mark Ronson and Bruno Mars,Funk Pop,2014,4:30,Guaranteed Floor Filler
Treasure,Bruno Mars,Funk Pop,2012,2:58,Retro Groove
Finesse,Bruno Mars and Cardi B,Funk Pop,2018,3:11,New Jack Bounce
Industry Baby,Lil Nas X,Hip Hop,2021,3:32,Triumphant Hype
Montero (Call Me by Your Name),Lil Nas X,Pop Rap,2021,2:17,Provocative
Old Town Road,Lil Nas X,Country Rap,2019,1:53,Novelty Singalong
WAP,Cardi B,Hip Hop,2020,3:07,Twerk
Up,Cardi B,Hip Hop,2021,2:36,Hype
I Like It,Cardi B,Latin Trap,2018,4:13,Explosive
Bodak Yellow,Cardi B,Hip Hop,2017,3:43,Swagger
Super Freaky Girl,Nicki Minaj,Hip Hop,2022,2:51,Twerk
Super Bass,Nicki Minaj,Hip Hop,2010,3:20,Throwback Singalong
Starships,Nicki Minaj,Dance Pop,2012,3:30,Crowd Pleaser
Anaconda,Nicki Minaj,Hip Hop,2014,4:19,Twerk
First Class,Jack Harlow,Hip Hop,2022,2:53,Boastful Bounce
Lovin On Me,Jack Harlow,Hip Hop,2023,2:18,Cocky Bounce
Rich Flex,Drake and 21 Savage,Hip Hop,2022,3:59,Hype
Jimmy Cooks,Drake,Hip Hop,2022,3:38,Rage
God's Plan,Drake,Hip Hop,2018,3:18,Crowd Pleaser
One Dance,Drake,Dancehall,2016,2:53,Dancefloor
Nonstop,Drake,Hip Hop,2018,3:58,Hype
In My Feelings,Drake,Hip Hop,2018,3:37,Singalong Bounce
Sicko Mode,Travis Scott,Hip Hop,2018,5:12,Rage
Goosebumps,Travis Scott,Hip Hop,2016,4:03,Hype
Antidote,Travis Scott,Hip Hop,2015,4:22,Late Night Rage
Fein,Travis Scott,Hip Hop,2023,3:11,Mosh
Bad and Boujee,Migos,Hip Hop,2016,5:43,Swagger
Mask Off,Future,Hip Hop,2017,3:24,Hypnotic Hype
Life Is Good,Future and Drake,Hip Hop,2020,3:57,Hype
XO Tour Llif3,Lil Uzi Vert,Hip Hop,2017,3:02,Emo Rage
Just Wanna Rock,Lil Uzi Vert,Jersey Club,2022,2:03,Jersey Club Rage
Congratulations,Post Malone,Hip Hop,2016,3:40,Triumphant
Rockstar,Post Malone,Hip Hop,2017,3:38,Swagger
Sunflower,Post Malone and Swae Lee,Pop Rap,2018,2:38,Feel-Good
I Had Some Help,Post Malone and Morgan Wallen,Country,2024,2:58,Rowdy Singalong
Last Night,Morgan Wallen,Country,2023,2:44,Bar Singalong
A Bar Song (Tipsy),Shaboozey,Country,2024,2:51,Rowdy Singalong
Fast Car,Luke Combs,Country,2023,4:26,Bar Singalong
White Horse,Chris Stapleton,Country Rock,2023,3:27,Swaggering
Wagon Wheel,Darius Rucker,Country,2013,4:53,Bar Singalong
Body Like a Back Road,Sam Hunt,Country Pop,2017,2:45,Easy Groove
Cruise,Florida Georgia Line,Country Pop,2012,3:28,Tailgate
Calm Down,Rema and Selena Gomez,Afrobeats,2022,3:59,Feel-Good Groove
Last Last,Burna Boy,Afrobeats,2022,2:52,Groove
Essence,Wizkid and Tems,Afrobeats,2020,4:08,Smooth Groove
Water,Tyla,Amapiano,2023,3:20,Sultry Dancefloor
Unavailable,Davido,Afrobeats,2023,3:25,Celebratory
Love Nwantiti,CKay,Afrobeats,2019,2:26,Viral Groove
Rush,Troye Sivan,Dance Pop,2023,2:36,Euphoric Dancefloor
One of Your Girls,Troye Sivan,Synth-pop,2023,3:14,Sultry
About Damn Time,Lizzo,Funk Pop,2022,3:11,Feel-Good Dancefloor
Juice,Lizzo,Funk Pop,2019,3:15,Feel-Good
Good as Hell,Lizzo,Pop Soul,2016,2:39,Empowerment Singalong
Truth Hurts,Lizzo,Pop Rap,2017,2:53,Empowerment Singalong
Greedy,Tate McRae,Pop,2023,2:11,Confident Dancefloor
Sports Car,Tate McRae,Dance Pop,2025,2:47,Sultry Dancefloor
360,Charli XCX,Hyperpop,2024,2:14,Cool Dancefloor
Von Dutch,Charli XCX,Hyperpop,2024,2:36,Abrasive Rave
Guess,Charli XCX,Hyperpop,2024,2:22,Provocative
Unholy,Sam Smith and Kim Petras,Pop,2022,2:36,Sinister Dancefloor
Stay,The Kid LAROI and Justin Bieber,Pop,2021,2:21,Singalong
Peaches,Justin Bieber,R&B,2021,3:18,Smooth Groove
Sorry,Justin Bieber,Dance Pop,2015,3:20,Dancefloor
Yummy,Justin Bieber,R&B,2020,3:29,Bounce
What Do You Mean?,Justin Bieber,Dance Pop,2015,3:25,Feel-Good
Bad Habits,Ed Sheeran,Dance Pop,2021,3:50,Peak Time
Shivers,Ed Sheeran,Dance Pop,2021,3:27,Feel-Good Dancefloor
Shape of You,Ed Sheeran,Pop,2017,3:53,Guaranteed Floor Filler
Galway Girl,Ed Sheeran,Folk Pop,2017,2:50,Pub Singalong
Heat Waves,Glass Animals,Indie Pop,2020,3:59,Hazy Groove
Mood,24kGoldn,Pop Rap,2020,2:20,Bounce
Savage Love,Jawsh 685 and Jason Derulo,Pop,2020,2:51,Viral Dance
Dynamite,BTS,Disco Pop,2020,3:19,Joyful
Butter,BTS,Pop,2021,2:44,Smooth Groove
Seven,Jung Kook,Pop,2023,3:04,Feel-Good
Cupid,FIFTY FIFTY,Pop,2023,2:54,Sweet Groove
Enemy,Imagine Dragons and JID,Pop Rock,2021,2:53,Hype
Bones,Imagine Dragons,Pop Rock,2022,2:45,High Energy
Believer,Imagine Dragons,Pop Rock,2017,3:24,Stomp Anthem
Thunder,Imagine Dragons,Pop Rock,2017,3:07,High Energy
abcdefu,GAYLE,Pop Rock,2021,2:48,Spiteful Singalong
Beautiful Things,Benson Boone,Pop Rock,2024,3:00,Big Singalong
Stick Season,Noah Kahan,Folk Rock,2022,3:02,Bar Singalong
Dial Drunk,Noah Kahan,Folk Rock,2023,3:07,Rowdy Singalong
Too Sweet,Hozier,Blues Rock,2024,4:08,Groovy Swagger
Take Me to Church,Hozier,Indie Rock,2013,4:02,Big Singalong
Ordinary,Alex Warren,Pop,2025,3:07,Big Singalong
That's So True,Gracie Abrams,Indie Pop,2024,2:46,Petty Singalong
Made You Look,Meghan Trainor,Pop,2022,2:20,Feel-Good
Titanium,David Guetta and Sia,Dance,2011,4:05,Euphoric Anthem
Wake Me Up,Avicii,Dance,2013,4:07,Festival Anthem
Levels,Avicii,House,2011,5:38,Peak Time
Don't You Worry Child,Swedish House Mafia,House,2012,3:32,Hands-Up Anthem
Animals,Martin Garrix,Electro House,2013,5:04,Drop Hype
Clarity,Zedd,Electro House,2012,4:31,Euphoric
Stay,Zedd and Alessia Cara,Electro Pop,2017,3:30,Feel-Good
Lean On,Major Lazer,Moombahton,2015,2:56,Dancefloor
Closer,The Chainsmokers,Electro Pop,2016,4:04,Drunk Singalong
Faded,Alan Walker,Electronic,2015,3:32,Festival Anthem
Turn Down for What,DJ Snake and Lil Jon,Trap,2013,3:34,Explosive Hype
Taki Taki,DJ Snake,Reggaeton,2018,3:32,Dancefloor
Rather Be,Clean Bandit,Electronic,2014,3:48,Feel-Good Dancefloor
Latch,Disclosure,House,2012,4:15,Sultry House
This Is What You Came For,Calvin Harris and Rihanna,Dance Pop,2016,3:42,Peak Time
We Found Love,Rihanna,Dance Pop,2011,3:35,Euphoric Anthem
Only Girl (In the World),Rihanna,Dance Pop,2010,3:55,Dancefloor
Work,Rihanna,Dancehall,2016,3:39,Whine
Rude Boy,Rihanna,Dancehall,2009,3:43,Sultry Bounce
Umbrella,Rihanna,Pop,2007,4:35,Crowd Pleaser
Don't Stop the Music,Rihanna,Dance Pop,2007,4:27,Guaranteed Floor Filler
Yeah!,Usher,Crunk R&B,2004,4:10,Guaranteed Floor Filler
DJ Got Us Fallin' in Love,Usher,Dance Pop,2010,3:45,Dancefloor
OMG,Usher,Dance Pop,2010,4:30,Club Anthem
Love in This Club,Usher,R&B,2008,4:19,Club Groove
Can't Stop the Feeling,Justin Timberlake,Pop,2016,3:56,Feel-Good
SexyBack,Justin Timberlake,Dance Pop,2006,4:02,Club Anthem
Single Ladies (Put a Ring on It),Beyonce,R&B,2008,3:13,Crowd Pleaser
Crazy in Love,Beyonce,R&B,2003,3:56,Guaranteed Floor Filler
Formation,Beyonce,Hip Hop,2016,3:26,Swagger
Happy,Pharrell Williams,Pop Soul,2013,3:52,Feel-Good
Get Lucky,Daft Punk,Disco,2013,6:09,Groovy
One More Time,Daft Punk,House,2000,5:20,Euphoric Anthem
Around the World,Daft Punk,House,1997,7:09,Hypnotic Groove
Blurred Lines,Robin Thicke,Pop Soul,2013,4:23,Groove
Party Rock Anthem,LMFAO,Electro House,2011,4:22,Explosive Hype
Sexy and I Know It,LMFAO,Electro House,2011,3:19,Novelty Hype
Firework,Katy Perry,Pop,2010,3:47,Big Singalong
Teenage Dream,Katy Perry,Pop,2010,3:47,Nostalgic Singalong
Last Friday Night,Katy Perry,Pop,2010,3:50,Party Anthem
California Gurls,Katy Perry,Pop,2010,3:55,Summer Party
Dark Horse,Katy Perry,Trap Pop,2013,3:35,Menacing Bounce
Call Me Maybe,Carly Rae Jepsen,Pop,2011,3:13,Crowd Pleaser
Hips Don't Lie,Shakira,Latin Pop,2006,3:38,Guaranteed Floor Filler
Cheap Thrills,Sia,Dance Pop,2016,3:44,Feel-Good Dancefloor
Chandelier,Sia,Dance Pop,2014,3:36,Big Singalong
Dance Monkey,Tones and I,Pop,2019,3:29,Viral Singalong
Shut Up and Dance,WALK THE MOON,Pop Rock,2014,3:17,Feel-Good Anthem
Somebody That I Used to Know,Gotye,Indie Pop,2011,4:04,Singalong
Feel It Still,Portugal. The Man,Indie Pop,2017,2:43,Groovy
Kids,MGMT,Indie Pop,2007,5:03,Nostalgic Dancefloor
Mr. Brightside,The Killers,Indie Rock,2004,3:42,Drunk Singalong
Somebody Told Me,The Killers,Indie Rock,2004,3:17,High Energy
Seven Nation Army,The White Stripes,Garage Rock,2003,3:52,Stadium Chant
Take Me Out,Franz Ferdinand,Indie Rock,2004,3:57,Indie Disco
I Bet You Look Good on the Dancefloor,Arctic Monkeys,Indie Rock,2005,2:53,Indie Disco
Sex on Fire,Kings of Leon,Rock,2008,3:23,Big Singalong
Pompeii,Bastille,Indie Pop,2013,3:34,Crowd Chant
Hey Ya!,OutKast,Hip Hop,2003,3:55,Guaranteed Floor Filler
Empire State of Mind,Jay-Z and Alicia Keys,Hip Hop,2009,4:36,Big Singalong
Niggas in Paris,Jay-Z and Kanye West,Hip Hop,2011,3:39,Explosive Hype
Gold Digger,Kanye West,Hip Hop,2005,3:28,Crowd Pleaser
Stronger,Kanye West,Hip Hop,2007,5:12,Peak Time
All of the Lights,Kanye West,Hip Hop,2010,4:59,Explosive
Power,Kanye West,Hip Hop,2010,4:52,Hype
HUMBLE.,Kendrick Lamar,Hip Hop,2017,2:57,Hype
DNA.,Kendrick Lamar,Hip Hop,2017,3:05,Aggressive Hype
Alright,Kendrick Lamar,Hip Hop,2015,3:39,Crowd Chant
Swimming Pools (Drank),Kendrick Lamar,Hip Hop,2012,5:13,Drinking Anthem
This Is America,Childish Gambino,Hip Hop,2018,4:05,Hype
Redbone,Childish Gambino,Funk,2016,5:26,Late Night Groove
Panda,Desiigner,Hip Hop,2015,4:06,Hype
Black Beatles,Rae Sremmurd,Hip Hop,2016,4:51,Late Night Bounce
Trap Queen,Fetty Wap,Hip Hop,2014,3:42,Singalong Bounce
Jumpman,Drake and Future,Hip Hop,2015,3:25,Hype
Mo Bamba,Sheck Wes,Hip Hop,2017,3:06,Mosh
In Da Club,50 Cent,Hip Hop,2003,3:13,Birthday Anthem
Hot in Herre,Nelly,Hip Hop,2002,3:48,Guaranteed Floor Filler
Get Low,Lil Jon,Crunk,2002,5:32,Explosive Hype
Ignition (Remix),R. Kelly,R&B,2002,3:07,Smooth Party Groove
Drop It Like It's Hot,Snoop Dogg,Hip Hop,2004,4:31,Cool Bounce
Gin and Juice,Snoop Dogg,Hip Hop,1993,3:30,Laid-Back Party
The Next Episode,Dr. Dre,Hip Hop,1999,2:42,Swagger
Still D.R.E.,Dr. Dre,Hip Hop,1999,4:30,Swagger
California Love,2Pac,Hip Hop,1995,4:45,Crowd Pleaser
Juicy,The Notorious B.I.G.,Hip Hop,1994,5:02,Feel-Good Classic
Hypnotize,The Notorious B.I.G.,Hip Hop,1997,3:50,Swagger
Jump Around,House of Pain,Hip Hop,1992,3:37,Explosive Hype
It Takes Two,Rob Base and DJ E-Z Rock,Hip Hop,1988,5:00,Guaranteed Floor Filler
Baby Got Back,Sir Mix-a-Lot,Hip Hop,1992,4:22,Novelty Singalong
U Can't Touch This,MC Hammer,Hip Hop,1990,4:17,Throwback Hype
No Diggity,Blackstreet,R&B,1996,5:04,Smooth Groove
Pony,Ginuwine,R&B,1996,4:16,Sultry
Say My Name,Destiny's Child,R&B,1999,4:31,Singalong
Bootylicious,Destiny's Child,R&B,2001,3:27,Bounce
Work It,Missy Elliott,Hip Hop,2002,4:25,Guaranteed Floor Filler
Get Ur Freak On,Missy Elliott,Hip Hop,2001,3:56,Hype
Lose Control,Missy Elliott,Hip Hop,2005,3:47,Explosive Dancefloor
Milkshake,Kelis,R&B,2003,3:04,Sultry Bounce
Toxic,Britney Spears,Dance Pop,2003,3:19,Guaranteed Floor Filler
Baby One More Time,Britney Spears,Pop,1998,3:30,Nostalgic Singalong
Since U Been Gone,Kelly Clarkson,Pop Rock,2004,3:08,Cathartic Singalong
Hollaback Girl,Gwen Stefani,Hip Hop,2005,3:20,Crowd Chant
Promiscuous,Nelly Furtado,Dance Pop,2006,4:03,Flirty Dancefloor
Don't Cha,The Pussycat Dolls,Dance Pop,2005,4:33,Sultry Strut
Low,Flo Rida,Hip Hop,2007,3:51,Club Anthem
I Gotta Feeling,The Black Eyed Peas,Dance Pop,2009,4:49,Party Anthem
Tik Tok,Kesha,Dance Pop,2009,3:20,Pregame Anthem
Timber,Pitbull and Kesha,Dance Pop,2013,3:24,Rowdy Singalong
Give Me Everything,Pitbull,Dance Pop,2011,4:12,Club Anthem
Disturbia,Rihanna,Dance Pop,2008,3:59,Dark Dancefloor
Livin' la Vida Loca,Ricky Martin,Latin Pop,1999,4:03,Feel-Good Frenzy
Groove Is in the Heart,Deee-Lite,Dance,1990,3:52,Funky Dancefloor
Gonna Make You Sweat,C+C Music Factory,House,1990,4:03,Hype
Smells Like Teen Spirit,Nirvana,Grunge,1991,5:01,Mosh
All the Small Things,blink-182,Pop Punk,1999,2:47,Pop Punk Singalong
All Star,Smash Mouth,Pop Rock,1999,3:20,Novelty Singalong
Wonderwall,Oasis,Britpop,1995,4:18,Drunk Singalong
Don't Look Back in Anger,Oasis,Britpop,1995,4:48,Arm-Around-Shoulder Singalong
Sabotage,Beastie Boys,Hip Hop,1994,2:58,Mosh
Killing in the Name,Rage Against the Machine,Rap Metal,1992,5:14,Mosh
Bohemian Rhapsody,Queen,Rock,1975,5:55,Headbang Singalong
Don't Stop Me Now,Queen,Rock,1978,3:29,Euphoric Singalong
We Will Rock You,Queen,Rock,1977,2:02,Stomp Chant
Don't Stop Believin',Journey,Rock,1981,4:11,Last Call Singalong
Livin' on a Prayer,Bon Jovi,Rock,1986,4:09,Big Singalong
Sweet Caroline,Neil Diamond,Pop Rock,1969,3:21,Crowd Chant
Come On Eileen,Dexys Midnight Runners,New Wave,1982,4:07,Rowdy Singalong
Take On Me,a-ha,Synth-pop,1985,3:46,Falsetto Singalong
Wake Me Up Before You Go-Go,Wham!,Pop,1984,3:51,Feel-Good
Girls Just Want to Have Fun,Cyndi Lauper,Pop,1983,3:58,Feel-Good Anthem
Billie Jean,Michael Jackson,Pop,1982,4:54,Guaranteed Floor Filler
Thriller,Michael Jackson,Pop,1982,5:57,Theatrical Dancefloor
I Wanna Dance with Somebody,Whitney Houston,Pop,1987,4:52,Euphoric Singalong
Like a Prayer,Madonna,Pop,1989,5:41,Big Singalong
Vogue,Madonna,House,1990,5:18,Strut
Into the Groove,Madonna,Dance Pop,1985,4:44,Dancefloor
Celebration,Kool & The Gang,Funk,1980,4:57,Celebratory
September,Earth Wind & Fire,Funk,1978,3:35,Guaranteed Floor Filler
Le Freak,Chic,Disco,1978,5:26,Funky Dancefloor
Stayin' Alive,Bee Gees,Disco,1977,4:45,Strut
I Will Survive,Gloria Gaynor,Disco,1978,3:18,Cathartic Singalong
Y.M.C.A.,Village People,Disco,1978,4:47,Crowd Chant
Dancing Queen,ABBA,Disco,1976,3:51,Euphoric Singalong
Sticky,Tyler The Creator,Hip Hop,2024,4:00,Marching Band Hype
Sprinter,Dave and Central Cee,UK Rap,2023,3:49,Swagger Bounce
Type Shit,Future and Metro Boomin,Hip Hop,2024,4:11,Aggressive Hype
Doja,Central Cee,UK Drill,2022,1:57,Drill Bounce
